{"cameraMode":{"drawMode":0,"name":"Shaded","section":"Shading Mode"},"sceneLighting":false,"audioPlay":false,"sceneViewState":{"showFog":true,"showMaterialUpdate":false,"showSkybox":false,"showFlares":true,"showImageEffects":true,"showParticleSystems":true,"showVisualEffectGraphs":true,"m_FxEnabled":true},"in2DMode":false,"pivot":{"x":0.02820301055908203,"y":5.231997013092041,"z":-0.02993565797805786},"rotation":{"x":0.2493232935667038,"y":0.01162070594727993,"z":-0.0029920225497335197,"w":0.9683458209037781},"size":12.185749053955079,"orthographic":false}