{"cameraMode":{"drawMode":0,"name":"Shaded","section":"Shading Mode"},"sceneLighting":false,"audioPlay":false,"sceneViewState":{"showFog":true,"showMaterialUpdate":false,"showSkybox":false,"showFlares":true,"showImageEffects":true,"showParticleSystems":true,"showVisualEffectGraphs":true,"m_FxEnabled":true},"in2DMode":false,"pivot":{"x":-0.16697275638580323,"y":1.4964079856872559,"z":-2.384185791015625e-7},"rotation":{"x":0.3974696099758148,"y":-0.05363258719444275,"z":0.023278523236513139,"w":0.9157508611679077},"size":4.929673194885254,"orthographic":false}