{"cameraMode":{"drawMode":0,"name":"Shaded","section":"Shading Mode"},"sceneLighting":false,"audioPlay":false,"sceneViewState":{"showFog":true,"showMaterialUpdate":false,"showSkybox":false,"showFlares":true,"showImageEffects":true,"showParticleSystems":true,"showVisualEffectGraphs":true,"m_FxEnabled":true},"in2DMode":false,"pivot":{"x":4.011728286743164,"y":5.649999618530273,"z":15.999996185302735},"rotation":{"x":0.2493232935667038,"y":0.01162070594727993,"z":-0.0029920225497335197,"w":0.9683458209037781},"size":58.022457122802737,"orthographic":false}