{"cameraMode":{"drawMode":0,"name":"Shaded","section":"Shading Mode"},"sceneLighting":false,"audioPlay":false,"sceneViewState":{"showFog":true,"showMaterialUpdate":false,"showSkybox":false,"showFlares":true,"showImageEffects":true,"showParticleSystems":true,"showVisualEffectGraphs":true,"m_FxEnabled":true},"in2DMode":false,"pivot":{"x":-9.523195266723633,"y":0.1076202392578125,"z":11.451278686523438},"rotation":{"x":0.17319460213184358,"y":0.30183714628219607,"z":-0.055861156433820727,"w":0.9358302354812622},"size":41.64399337768555,"orthographic":false}