{"cameraMode":{"drawMode":0,"name":"Shaded","section":"Shading Mode"},"sceneLighting":false,"audioPlay":false,"sceneViewState":{"showFog":true,"showMaterialUpdate":false,"showSkybox":false,"showFlares":true,"showImageEffects":true,"showParticleSystems":true,"showVisualEffectGraphs":true,"m_FxEnabled":true},"in2DMode":false,"pivot":{"x":0.20764505863189698,"y":0.8514893054962158,"z":0.013255327939987183},"rotation":{"x":0.2493232935667038,"y":0.01162070594727993,"z":-0.0029920225497335197,"w":0.9683458209037781},"size":2.7635111808776857,"orthographic":false}