{"cameraMode":{"drawMode":0,"name":"Shaded","section":"Shading Mode"},"sceneLighting":true,"audioPlay":false,"sceneViewState":{"showFog":true,"showMaterialUpdate":false,"showSkybox":true,"showFlares":true,"showImageEffects":true,"showParticleSystems":true,"showVisualEffectGraphs":true,"m_FxEnabled":true},"in2DMode":false,"pivot":{"x":70.24085235595703,"y":-62.710811614990237,"z":15.622108459472657},"rotation":{"x":0.45857325196266177,"y":-0.005331927910447121,"z":0.002751457504928112,"w":0.8886368274688721},"size":135.99606323242188,"orthographic":false}