{"cameraMode":{"drawMode":0,"name":"Shaded","section":"Shading Mode"},"sceneLighting":true,"audioPlay":false,"sceneViewState":{"showFog":true,"showMaterialUpdate":false,"showSkybox":true,"showFlares":true,"showImageEffects":true,"showParticleSystems":true,"showVisualEffectGraphs":true,"m_FxEnabled":true},"in2DMode":false,"pivot":{"x":439.53802490234377,"y":270.3517150878906,"z":6.900054931640625},"rotation":{"x":0.0029999411199241878,"y":-0.0059999385848641399,"z":0.00001799987512640655,"w":0.9999772906303406},"size":278.9824523925781,"orthographic":false}